station_id,window_start_vehicle,window_end_vehicle,window_start_time,window_end_time,n_observations,anomaly_score,anomaly_status,key_signals
S01,1,20,2026-01-05 06:01:30.000000,2026-01-05 06:30:00.000000,20,0.3985,LOW,none
S01,21,40,2026-01-05 06:31:30.000000,2026-01-05 07:00:00.000000,20,0.3635,LOW,none
S01,41,60,2026-01-05 07:01:30.000000,2026-01-05 07:30:00.000000,20,0.4066,LOW,none
S01,61,80,2026-01-05 07:31:30.000000,2026-01-05 08:00:00.000000,20,0.422,LOW,none
S01,81,100,2026-01-05 08:01:30.000000,2026-01-05 08:30:00.000000,20,0.4109,LOW,none
S01,101,120,2026-01-05 08:31:30.000000,2026-01-05 09:00:00.000000,20,0.4035,LOW,none
S01,121,140,2026-01-05 09:01:30.000000,2026-01-05 09:30:00.000000,20,0.4615,LOW,none
S01,141,160,2026-01-05 09:31:30.000000,2026-01-05 10:00:00.000000,20,0.4221,LOW,none
S01,161,180,2026-01-05 10:01:30.000000,2026-01-05 10:30:00.000000,20,0.4613,LOW,none
S01,181,200,2026-01-05 10:31:30.000000,2026-01-05 11:00:00.000000,20,0.4098,LOW,none
S01,201,220,2026-01-05 11:01:30.000000,2026-01-05 11:30:00.000000,20,0.4611,LOW,none
S01,221,240,2026-01-05 11:31:30.000000,2026-01-05 12:00:00.000000,20,0.3736,LOW,none
S01,241,260,2026-01-05 12:01:30.000000,2026-01-05 12:30:00.000000,20,0.3901,LOW,none
S01,261,280,2026-01-05 12:31:30.000000,2026-01-05 13:00:00.000000,20,0.4528,LOW,none
S01,281,300,2026-01-05 13:01:30.000000,2026-01-05 13:30:00.000000,20,0.4082,LOW,none
S01,301,320,2026-01-05 13:31:30.000000,2026-01-05 14:00:00.000000,20,0.411,LOW,none
S01,321,340,2026-01-05 14:01:30.000000,2026-01-05 14:30:00.000000,20,0.4484,LOW,none
S01,341,360,2026-01-05 14:31:30.000000,2026-01-05 15:00:00.000000,20,0.4029,LOW,none
S01,361,380,2026-01-05 15:01:30.000000,2026-01-05 15:30:00.000000,20,0.3955,LOW,none
S01,381,400,2026-01-05 15:31:30.000000,2026-01-05 16:00:00.000000,20,0.4342,LOW,none
S02,1,20,2026-01-05 06:02:44.334661,2026-01-05 06:31:05.767841,20,0.3446,LOW,none
S02,21,40,2026-01-05 06:32:46.883703,2026-01-05 07:01:16.151681,20,0.3735,LOW,none
S02,41,60,2026-01-05 07:02:43.217884,2026-01-05 07:31:08.089398,20,0.2602,LOW,none
S02,61,80,2026-01-05 07:32:41.273762,2026-01-05 08:01:07.884286,20,0.3185,LOW,none
S02,81,100,2026-01-05 08:02:40.596935,2026-01-05 08:31:17.424764,20,0.359,LOW,none
S02,101,120,2026-01-05 08:32:46.004881,2026-01-05 09:01:12.838818,20,0.325,LOW,none
S02,121,140,2026-01-05 09:02:41.368272,2026-01-05 09:31:18.911251,20,0.2917,LOW,none
S02,141,160,2026-01-05 09:32:48.714031,2026-01-05 10:01:16.532648,20,0.4114,MEDIUM,none
S02,161,180,2026-01-05 10:02:40.848945,2026-01-05 10:31:14.958923,20,0.3146,LOW,none
S02,181,200,2026-01-05 10:32:44.231775,2026-01-05 11:01:11.445655,20,0.4193,MEDIUM,none
S02,201,220,2026-01-05 11:02:46.221264,2026-01-05 11:31:14.365815,20,0.428,MEDIUM,none
S02,221,240,2026-01-05 11:32:38.950963,2026-01-05 12:01:10.990253,20,0.4079,MEDIUM,none
S02,241,260,2026-01-05 12:02:50.046501,2026-01-05 12:31:08.865735,20,0.3815,LOW,none
S02,261,280,2026-01-05 12:32:52.436734,2026-01-05 13:01:15.253680,20,0.3345,LOW,none
S02,281,300,2026-01-05 13:02:41.914362,2026-01-05 13:31:07.400339,20,0.4704,MEDIUM,throughput variability increasing
S02,301,320,2026-01-05 13:32:41.406539,2026-01-05 14:01:17.705800,20,0.3605,LOW,none
S02,321,340,2026-01-05 14:02:37.109793,2026-01-05 14:31:11.524094,20,0.4129,MEDIUM,none
S02,341,360,2026-01-05 14:32:38.462448,2026-01-05 15:01:12.019572,20,0.386,LOW,none
S02,361,380,2026-01-05 15:02:38.315307,2026-01-05 15:31:08.161236,20,0.4125,MEDIUM,queue_length variability increasing
S02,381,400,2026-01-05 15:32:44.321681,2026-01-05 16:01:03.947387,20,0.3448,LOW,none
S03,1,20,2026-01-05 06:03:56.444780,2026-01-05 06:32:19.774997,20,0.3653,LOW,none
S03,21,40,2026-01-05 06:33:59.674013,2026-01-05 07:02:35.426929,20,0.3838,LOW,none
S03,41,60,2026-01-05 07:03:58.130473,2026-01-05 07:32:25.093341,20,0.3263,LOW,none
S03,61,80,2026-01-05 07:33:59.372619,2026-01-05 08:02:21.493319,20,0.4912,MEDIUM,vibration variability increasing
S03,81,100,2026-01-05 08:04:02.738209,2026-01-05 08:32:25.649259,20,0.4177,LOW,none
S03,101,120,2026-01-05 08:34:02.108143,2026-01-05 09:02:31.193716,20,0.4228,LOW,none
S03,121,140,2026-01-05 09:03:48.717316,2026-01-05 09:32:35.951597,20,0.4643,LOW,none
S03,141,160,2026-01-05 09:34:02.507820,2026-01-05 10:02:31.937918,20,0.4038,LOW,none
S03,161,180,2026-01-05 10:03:59.650934,2026-01-05 10:32:28.337907,20,0.3378,LOW,none
S03,181,200,2026-01-05 10:34:03.092490,2026-01-05 11:02:23.818198,20,0.4155,LOW,throughput variability increasing
S03,201,220,2026-01-05 11:04:03.206490,2026-01-05 11:32:21.568847,20,0.5031,MEDIUM,none
S03,221,240,2026-01-05 11:33:54.424876,2026-01-05 12:02:30.118301,20,0.4515,LOW,none
S03,241,260,2026-01-05 12:04:11.016952,2026-01-05 12:32:24.836836,20,0.327,LOW,none
S03,261,280,2026-01-05 12:34:01.209397,2026-01-05 13:02:27.329432,20,0.4277,LOW,none
S03,281,300,2026-01-05 13:04:01.042968,2026-01-05 13:32:18.038572,20,0.407,LOW,none
S03,301,320,2026-01-05 13:33:51.589625,2026-01-05 14:02:44.401213,20,0.4598,LOW,vibration variability increasing
S03,321,340,2026-01-05 14:03:58.518532,2026-01-05 14:32:24.638800,20,0.4436,LOW,none
S03,341,360,2026-01-05 14:33:51.890686,2026-01-05 15:02:33.927600,20,0.4759,LOW,none
S03,361,380,2026-01-05 15:04:00.893906,2026-01-05 15:32:16.908714,20,0.3755,LOW,none
S03,381,400,2026-01-05 15:34:09.733290,2026-01-05 16:02:21.490687,20,0.4986,MEDIUM,throughput variability increasing
S04,1,20,2026-01-05 06:05:19.608635,2026-01-05 06:33:45.192177,20,0.3678,LOW,none
S04,21,40,2026-01-05 06:35:15.826711,2026-01-05 07:03:49.880316,20,0.2666,LOW,none
S04,41,60,2026-01-05 07:05:22.052242,2026-01-05 07:33:43.524613,20,0.3553,LOW,none
S04,61,80,2026-01-05 07:35:13.447545,2026-01-05 08:03:52.326798,20,0.4287,LOW,none
S04,81,100,2026-01-05 08:05:23.069951,2026-01-05 08:33:45.748132,20,0.3874,LOW,none
S04,101,120,2026-01-05 08:35:29.582382,2026-01-05 09:03:45.709156,20,0.3132,LOW,none
S04,121,140,2026-01-05 09:05:07.712913,2026-01-05 09:34:03.458522,20,0.4025,LOW,temperature variability increasing
S04,141,160,2026-01-05 09:35:21.057408,2026-01-05 10:03:58.881074,20,0.4123,LOW,none
S04,161,180,2026-01-05 10:05:15.810143,2026-01-05 10:33:44.260738,20,0.4049,LOW,none
S04,181,200,2026-01-05 10:35:20.464358,2026-01-05 11:03:38.640444,20,0.3403,LOW,none
S04,201,220,2026-01-05 11:05:25.590002,2026-01-05 11:33:40.270493,20,0.3141,LOW,none
S04,221,240,2026-01-05 11:35:10.708240,2026-01-05 12:03:37.727458,20,0.3829,LOW,none
S04,241,260,2026-01-05 12:05:29.579899,2026-01-05 12:33:39.487126,20,0.3577,LOW,none
S04,261,280,2026-01-05 12:35:18.630336,2026-01-05 13:03:50.527987,20,0.3352,LOW,none
S04,281,300,2026-01-05 13:05:22.085182,2026-01-05 13:33:27.557566,20,0.4512,LOW,none
S04,301,320,2026-01-05 13:35:11.746791,2026-01-05 14:04:02.672777,20,0.3002,LOW,none
S04,321,340,2026-01-05 14:05:20.493755,2026-01-05 14:33:44.528643,20,0.3361,LOW,none
S04,341,360,2026-01-05 14:35:08.220282,2026-01-05 15:03:52.347488,20,0.3707,LOW,none
S04,361,380,2026-01-05 15:05:19.139169,2026-01-05 15:33:30.400103,20,0.4044,LOW,none
S04,381,400,2026-01-05 15:35:22.240625,2026-01-05 16:03:53.085019,20,0.385,LOW,none
S05,1,20,2026-01-05 06:06:43.406620,2026-01-05 06:34:59.386811,20,0.4213,LOW,none
S05,21,40,2026-01-05 06:36:33.175428,2026-01-05 07:05:12.767627,20,0.2931,LOW,none
S05,41,60,2026-01-05 07:06:39.123688,2026-01-05 07:35:02.243973,20,0.3552,LOW,none
S05,61,80,2026-01-05 07:36:31.749492,2026-01-05 08:05:09.311230,20,0.378,LOW,none
S05,81,100,2026-01-05 08:06:48.144638,2026-01-05 08:35:08.020446,20,0.4317,LOW,none
S05,101,120,2026-01-05 08:36:54.312219,2026-01-05 09:05:05.604464,20,0.3779,LOW,none
S05,121,140,2026-01-05 09:06:24.682085,2026-01-05 09:35:17.912088,20,0.4195,LOW,none
S05,141,160,2026-01-05 09:36:45.388911,2026-01-05 10:05:26.164193,20,0.3998,LOW,none
S05,161,180,2026-01-05 10:06:39.991797,2026-01-05 10:35:05.768609,20,0.3714,LOW,none
S05,181,200,2026-01-05 10:36:32.890195,2026-01-05 11:04:59.554174,20,0.4029,LOW,none
S05,201,220,2026-01-05 11:06:46.404586,2026-01-05 11:34:56.866834,20,0.4169,LOW,none
S05,221,240,2026-01-05 11:36:38.196433,2026-01-05 12:05:07.134441,20,0.3913,LOW,none
S05,241,260,2026-01-05 12:06:55.269926,2026-01-05 12:34:54.329616,20,0.4111,LOW,none
S05,261,280,2026-01-05 12:36:34.111351,2026-01-05 13:05:12.535812,20,0.3727,LOW,none
S05,281,300,2026-01-05 13:06:43.614040,2026-01-05 13:34:44.452856,20,0.3328,LOW,none
S05,301,320,2026-01-05 13:36:35.666711,2026-01-05 14:05:23.266503,20,0.4518,LOW,none
S05,321,340,2026-01-05 14:06:41.621987,2026-01-05 14:35:10.518048,20,0.3967,LOW,none
S05,341,360,2026-01-05 14:36:37.628157,2026-01-05 15:05:29.624614,20,0.3974,LOW,none
S05,361,380,2026-01-05 15:06:31.291910,2026-01-05 15:34:59.460084,20,0.3685,LOW,none
S05,381,400,2026-01-05 15:36:41.502006,2026-01-05 16:05:09.759187,20,0.4625,LOW,none
S06,1,20,2026-01-05 06:07:52.928040,2026-01-05 06:36:12.952050,20,0.3278,LOW,none
S06,21,40,2026-01-05 06:37:41.464740,2026-01-05 07:06:24.334492,20,0.3769,LOW,none
S06,41,60,2026-01-05 07:07:51.071997,2026-01-05 07:36:16.531424,20,0.3113,LOW,none
S06,61,80,2026-01-05 07:37:43.712660,2026-01-05 08:06:20.342647,20,0.4606,MEDIUM,none
S06,81,100,2026-01-05 08:07:56.836660,2026-01-05 08:36:18.051250,20,0.4174,LOW,none
S06,101,120,2026-01-05 08:38:06.904310,2026-01-05 09:06:14.728970,20,0.4266,LOW,none
S06,121,140,2026-01-05 09:07:34.075966,2026-01-05 09:36:28.581830,20,0.4114,LOW,none
S06,141,160,2026-01-05 09:37:52.160988,2026-01-05 10:06:45.450684,20,0.4303,LOW,none
S06,161,180,2026-01-05 10:07:56.406129,2026-01-05 10:36:15.397121,20,0.4151,LOW,none
S06,181,200,2026-01-05 10:37:44.600202,2026-01-05 11:06:05.221790,20,0.405,LOW,none
S06,201,220,2026-01-05 11:07:54.140742,2026-01-05 11:36:14.516178,20,0.4211,LOW,none
S06,221,240,2026-01-05 11:37:52.028797,2026-01-05 12:06:09.524758,20,0.4754,MEDIUM,cycle_time variability increasing
S06,241,260,2026-01-05 12:08:10.314704,2026-01-05 12:36:06.822837,20,0.4163,LOW,none
S06,261,280,2026-01-05 12:37:39.842817,2026-01-05 13:06:22.906125,20,0.3749,LOW,none
S06,281,300,2026-01-05 13:07:59.303042,2026-01-05 13:35:59.150063,20,0.3717,LOW,none
S06,301,320,2026-01-05 13:37:46.961220,2026-01-05 14:06:43.013800,20,0.4373,LOW,none
S06,321,340,2026-01-05 14:07:47.146146,2026-01-05 14:36:19.017333,20,0.463,MEDIUM,cycle_time variability increasing
S06,341,360,2026-01-05 14:37:41.993891,2026-01-05 15:06:40.685680,20,0.4073,LOW,cycle_time variability increasing
S06,361,380,2026-01-05 15:07:50.021109,2026-01-05 15:36:11.444324,20,0.4414,LOW,none
S06,381,400,2026-01-05 15:37:44.510275,2026-01-05 16:06:11.138325,20,0.3597,LOW,none
S07,1,20,2026-01-05 06:09:06.885896,2026-01-05 06:37:22.115501,20,0.3531,LOW,none
S07,21,40,2026-01-05 06:38:58.182773,2026-01-05 07:07:32.412546,20,0.3946,LOW,none
S07,41,60,2026-01-05 07:09:05.258163,2026-01-05 07:37:33.251159,20,0.3294,LOW,none
S07,61,80,2026-01-05 07:38:52.704729,2026-01-05 08:07:36.863414,20,0.3609,LOW,none
S07,81,100,2026-01-05 08:09:11.007084,2026-01-05 08:37:27.145454,20,0.3676,LOW,none
S07,101,120,2026-01-05 08:39:22.964416,2026-01-05 09:07:24.855917,20,0.3819,LOW,none
S07,121,140,2026-01-05 09:08:48.204421,2026-01-05 09:37:41.927062,20,0.4302,LOW,none
S07,141,160,2026-01-05 09:39:03.322227,2026-01-05 10:07:57.975379,20,0.3996,LOW,vibration variability increasing
S07,161,180,2026-01-05 10:09:10.617151,2026-01-05 10:37:29.015917,20,0.3724,LOW,none
S07,181,200,2026-01-05 10:38:58.603741,2026-01-05 11:07:20.140533,20,0.4291,LOW,torque variability increasing
S07,201,220,2026-01-05 11:09:17.457436,2026-01-05 11:37:26.791345,20,0.4985,MEDIUM,none
S07,221,240,2026-01-05 11:38:53.429559,2026-01-05 12:07:19.947370,20,0.5075,MEDIUM,none
S07,241,260,2026-01-05 12:09:23.984844,2026-01-05 12:37:25.197037,20,0.4216,LOW,none
S07,261,280,2026-01-05 12:38:59.899874,2026-01-05 13:07:42.708481,20,0.4711,LOW,none
S07,281,300,2026-01-05 13:09:05.235562,2026-01-05 13:37:11.631636,20,0.3837,LOW,none
S07,301,320,2026-01-05 13:39:01.289970,2026-01-05 14:08:00.026537,20,0.3497,LOW,none
S07,321,340,2026-01-05 14:09:03.756785,2026-01-05 14:37:29.223793,20,0.3593,LOW,none
S07,341,360,2026-01-05 14:38:53.736940,2026-01-05 15:08:01.124419,20,0.3857,LOW,none
S07,361,380,2026-01-05 15:08:58.231116,2026-01-05 15:37:21.498390,20,0.4162,LOW,none
S07,381,400,2026-01-05 15:38:55.060256,2026-01-05 16:07:23.452286,20,0.4284,LOW,none
S08,1,20,2026-01-05 06:10:20.740997,2026-01-05 06:38:31.332633,20,0.4116,LOW,none
S08,21,40,2026-01-05 06:40:13.984638,2026-01-05 07:08:41.734063,20,0.321,LOW,none
S08,41,60,2026-01-05 07:10:25.724764,2026-01-05 07:38:55.268212,20,0.3509,LOW,none
S08,61,80,2026-01-05 07:40:09.381312,2026-01-05 08:08:55.239495,20,0.3037,LOW,none
S08,81,100,2026-01-05 08:10:23.601638,2026-01-05 08:38:36.814614,20,0.3621,LOW,none
S08,101,120,2026-01-05 08:40:34.391058,2026-01-05 09:08:38.279070,20,0.4839,LOW,none
S08,121,140,2026-01-05 09:10:10.888182,2026-01-05 09:39:00.308844,20,0.489,LOW,none
S08,141,160,2026-01-05 09:40:20.951104,2026-01-05 10:09:17.373403,20,0.6043,MEDIUM,throughput decreasing
S08,161,180,2026-01-05 10:10:19.158786,2026-01-05 10:38:48.400602,20,0.7696,HIGH,queue_length increasing; throughput decreasing
S08,181,200,2026-01-05 10:40:10.098213,2026-01-05 11:08:34.760103,20,0.9826,HIGH,cycle_time increasing; queue_length increasing; throughput decreasing
S08,201,220,2026-01-05 11:10:41.989672,2026-01-05 11:38:44.584898,20,1.0636,HIGH,cycle_time increasing; queue_length increasing; throughput decreasing
S08,221,240,2026-01-05 11:40:00.175883,2026-01-05 12:08:32.121508,20,1.1287,HIGH,cycle_time increasing; queue_length increasing; throughput decreasing; torque variability increasing
S08,241,260,2026-01-05 12:10:40.133608,2026-01-05 12:38:44.439515,20,1.1687,HIGH,cycle_time increasing; queue_length increasing; throughput decreasing
S08,261,280,2026-01-05 12:40:12.382922,2026-01-05 13:09:03.725836,20,1.1811,HIGH,cycle_time increasing; queue_length increasing; throughput decreasing
S08,281,300,2026-01-05 13:10:24.177437,2026-01-05 13:38:22.180748,20,1.1966,HIGH,cycle_time increasing; cycle_time variability increasing; queue_length increasing; throughput decreasing
S08,301,320,2026-01-05 13:40:13.331483,2026-01-05 14:09:17.830238,20,1.213,HIGH,cycle_time increasing; cycle_time variability increasing; queue_length increasing; throughput decreasing; torque variability increasing
S08,321,340,2026-01-05 14:10:23.350414,2026-01-05 14:38:39.453555,20,1.2172,HIGH,cycle_time increasing; cycle_time variability increasing; queue_length increasing; throughput decreasing
S08,341,360,2026-01-05 14:40:11.870033,2026-01-05 15:09:12.029994,20,1.2243,HIGH,cycle_time increasing; cycle_time variability increasing; queue_length increasing; throughput decreasing; torque variability increasing
S08,361,380,2026-01-05 15:10:16.119814,2026-01-05 15:38:32.825571,20,1.2258,HIGH,cycle_time increasing; cycle_time variability increasing; queue_length increasing; throughput decreasing; torque variability increasing
S08,381,400,2026-01-05 15:40:12.149437,2026-01-05 16:08:34.488833,20,1.2299,HIGH,cycle_time increasing; cycle_time variability increasing; queue_length increasing; throughput decreasing; torque variability increasing
S09,1,20,2026-01-05 06:11:42.519691,2026-01-05 06:39:40.836663,20,0.3646,LOW,none
S09,21,40,2026-01-05 06:41:34.743122,2026-01-05 07:09:55.549392,20,0.3412,LOW,none
S09,41,60,2026-01-05 07:11:50.001370,2026-01-05 07:40:14.583141,20,0.381,LOW,none
S09,61,80,2026-01-05 07:41:27.923388,2026-01-05 08:10:17.167975,20,0.3951,LOW,none
S09,81,100,2026-01-05 08:11:45.097799,2026-01-05 08:39:57.898380,20,0.4115,LOW,none
S09,101,120,2026-01-05 08:41:47.762807,2026-01-05 09:10:05.230319,20,0.3328,LOW,none
S09,121,140,2026-01-05 09:11:33.771898,2026-01-05 09:40:31.645106,20,0.3,LOW,none
S09,141,160,2026-01-05 09:41:39.886820,2026-01-05 10:10:35.283084,20,0.4764,LOW,none
S09,161,180,2026-01-05 10:11:36.880409,2026-01-05 10:40:13.074955,20,0.3841,LOW,throughput variability increasing
S09,181,200,2026-01-05 10:41:49.254667,2026-01-05 11:10:02.214958,20,0.4543,LOW,none
S09,201,220,2026-01-05 11:12:07.279701,2026-01-05 11:40:28.086460,20,0.4903,LOW,none
S09,221,240,2026-01-05 11:41:33.059037,2026-01-05 12:10:02.972834,20,0.5828,MEDIUM,throughput decreasing
S09,241,260,2026-01-05 12:12:12.240976,2026-01-05 12:40:18.639147,20,0.49,LOW,throughput decreasing
S09,261,280,2026-01-05 12:41:34.750800,2026-01-05 13:10:39.736816,20,0.5816,MEDIUM,throughput decreasing
S09,281,300,2026-01-05 13:12:00.186775,2026-01-05 13:39:51.209064,20,0.6486,HIGH,throughput decreasing
S09,301,320,2026-01-05 13:41:55.710123,2026-01-05 14:11:20.530016,20,0.697,HIGH,queue_length increasing; throughput decreasing
S09,321,340,2026-01-05 14:12:12.950214,2026-01-05 14:40:31.780859,20,0.5643,MEDIUM,throughput decreasing
S09,341,360,2026-01-05 14:41:48.311441,2026-01-05 15:10:58.391105,20,0.6331,HIGH,throughput decreasing
S09,361,380,2026-01-05 15:12:13.871075,2026-01-05 15:39:59.032787,20,0.6454,HIGH,throughput decreasing
S09,381,400,2026-01-05 15:42:02.877539,2026-01-05 16:10:29.118642,20,0.7118,HIGH,queue_length increasing; throughput decreasing
S10,1,20,2026-01-05 06:12:59.995986,2026-01-05 06:41:03.443345,20,0.344,LOW,none
S10,21,40,2026-01-05 06:43:00.278740,2026-01-05 07:11:14.701589,20,0.3745,LOW,none
S10,41,60,2026-01-05 07:13:19.274530,2026-01-05 07:41:36.965695,20,0.2871,LOW,none
S10,61,80,2026-01-05 07:42:48.502062,2026-01-05 08:11:34.391042,20,0.3057,LOW,none
S10,81,100,2026-01-05 08:13:07.532976,2026-01-05 08:41:24.224069,20,0.3683,LOW,none
S10,101,120,2026-01-05 08:42:56.064501,2026-01-05 09:11:27.473129,20,0.307,LOW,none
S10,121,140,2026-01-05 09:12:53.518203,2026-01-05 09:41:49.557760,20,0.4009,LOW,none
S10,141,160,2026-01-05 09:42:53.683703,2026-01-05 10:11:57.680673,20,0.3697,LOW,none
S10,161,180,2026-01-05 10:13:06.515575,2026-01-05 10:41:29.720767,20,0.3433,LOW,none
S10,181,200,2026-01-05 10:43:06.294399,2026-01-05 11:11:24.449756,20,0.3667,LOW,none
S10,201,220,2026-01-05 11:13:22.765313,2026-01-05 11:41:42.818484,20,0.3782,LOW,none
S10,221,240,2026-01-05 11:42:57.756175,2026-01-05 12:11:28.332061,20,0.4054,LOW,vibration variability increasing
S10,241,260,2026-01-05 12:13:40.770132,2026-01-05 12:41:36.456822,20,0.5512,MEDIUM,cycle_time variability increasing
S10,261,280,2026-01-05 12:42:58.224494,2026-01-05 13:11:59.640349,20,0.4555,MEDIUM,none
S10,281,300,2026-01-05 13:13:23.310309,2026-01-05 13:41:03.921385,20,0.487,MEDIUM,none
S10,301,320,2026-01-05 13:43:11.672888,2026-01-05 14:12:41.047916,20,0.4597,MEDIUM,none
S10,321,340,2026-01-05 14:13:40.792446,2026-01-05 14:41:48.240665,20,0.4687,MEDIUM,throughput decreasing
S10,341,360,2026-01-05 14:43:04.738599,2026-01-05 15:12:27.949927,20,0.5088,MEDIUM,throughput decreasing
S10,361,380,2026-01-05 15:13:35.930014,2026-01-05 15:41:14.143865,20,0.4975,MEDIUM,none
S10,381,400,2026-01-05 15:43:23.249278,2026-01-05 16:11:58.867579,20,0.3621,LOW,none
S11,1,20,2026-01-05 06:14:07.215897,2026-01-05 06:42:15.036591,20,0.365,LOW,none
S11,21,40,2026-01-05 06:44:04.636946,2026-01-05 07:12:27.028541,20,0.2697,LOW,none
S11,41,60,2026-01-05 07:14:28.770584,2026-01-05 07:42:57.458182,20,0.3757,LOW,none
S11,61,80,2026-01-05 07:43:54.360957,2026-01-05 08:12:42.907078,20,0.4889,MEDIUM,none
S11,81,100,2026-01-05 08:14:22.712226,2026-01-05 08:42:33.897886,20,0.3996,LOW,none
S11,101,120,2026-01-05 08:44:09.563495,2026-01-05 09:12:35.531869,20,0.4073,LOW,temperature variability increasing
S11,121,140,2026-01-05 09:13:58.777483,2026-01-05 09:43:01.717033,20,0.3283,LOW,none
S11,141,160,2026-01-05 09:44:08.711815,2026-01-05 10:13:08.179841,20,0.3186,LOW,none
S11,161,180,2026-01-05 10:14:11.832873,2026-01-05 10:42:37.165053,20,0.4027,LOW,none
S11,181,200,2026-01-05 10:44:17.314980,2026-01-05 11:12:38.628733,20,0.3692,LOW,none
S11,201,220,2026-01-05 11:14:39.144947,2026-01-05 11:42:56.388796,20,0.4154,LOW,none
S11,221,240,2026-01-05 11:44:17.125832,2026-01-05 12:12:41.078908,20,0.448,MEDIUM,temperature variability increasing
S11,241,260,2026-01-05 12:14:57.033897,2026-01-05 12:42:43.542559,20,0.4262,LOW,none
S11,261,280,2026-01-05 12:44:18.784990,2026-01-05 13:13:08.339013,20,0.323,LOW,none
S11,281,300,2026-01-05 13:14:30.612517,2026-01-05 13:42:12.938012,20,0.4204,LOW,none
S11,301,320,2026-01-05 13:44:24.902348,2026-01-05 14:13:57.791750,20,0.4712,MEDIUM,none
S11,321,340,2026-01-05 14:14:51.515287,2026-01-05 14:43:07.431181,20,0.3902,LOW,none
S11,341,360,2026-01-05 14:44:15.137170,2026-01-05 15:13:35.397824,20,0.3283,LOW,none
S11,361,380,2026-01-05 15:14:43.831190,2026-01-05 15:42:21.366366,20,0.4563,MEDIUM,none
S11,381,400,2026-01-05 15:44:32.083681,2026-01-05 16:13:05.933583,20,0.4764,MEDIUM,none
S12,1,20,2026-01-05 06:15:35.689984,2026-01-05 06:43:51.842822,20,0.2645,LOW,none
S12,21,40,2026-01-05 06:45:34.683223,2026-01-05 07:13:56.904072,20,0.3478,LOW,none
S12,41,60,2026-01-05 07:16:03.697080,2026-01-05 07:44:31.799488,20,0.3831,LOW,none
S12,61,80,2026-01-05 07:45:12.490173,2026-01-05 08:14:13.115543,20,0.3544,LOW,none
S12,81,100,2026-01-05 08:15:50.052788,2026-01-05 08:43:59.255216,20,0.2927,LOW,none
S12,101,120,2026-01-05 08:45:42.069261,2026-01-05 09:14:00.126576,20,0.4073,LOW,none
S12,121,140,2026-01-05 09:15:17.673533,2026-01-05 09:44:33.820044,20,0.3483,LOW,none
S12,141,160,2026-01-05 09:45:38.169880,2026-01-05 10:14:36.131399,20,0.3861,LOW,none
S12,161,180,2026-01-05 10:15:43.395218,2026-01-05 10:44:11.591801,20,0.2862,LOW,none
S12,181,200,2026-01-05 10:45:52.242338,2026-01-05 11:14:13.251368,20,0.3291,LOW,none
S12,201,220,2026-01-05 11:16:15.251471,2026-01-05 11:44:35.934630,20,0.3427,LOW,none
S12,221,240,2026-01-05 11:45:50.683521,2026-01-05 12:14:12.563640,20,0.3229,LOW,none
S12,241,260,2026-01-05 12:16:15.837941,2026-01-05 12:44:16.542140,20,0.2746,LOW,none
S12,261,280,2026-01-05 12:45:54.557567,2026-01-05 13:14:39.963438,20,0.3548,LOW,none
S12,281,300,2026-01-05 13:15:53.135567,2026-01-05 13:43:46.199047,20,0.3855,LOW,none
S12,301,320,2026-01-05 13:45:44.816120,2026-01-05 14:15:25.581089,20,0.2421,LOW,none
S12,321,340,2026-01-05 14:16:19.864883,2026-01-05 14:44:32.514616,20,0.4107,LOW,none
S12,341,360,2026-01-05 14:45:43.029784,2026-01-05 15:14:58.356282,20,0.3454,LOW,none
S12,361,380,2026-01-05 15:16:12.667032,2026-01-05 15:43:45.034076,20,0.3304,LOW,none
S12,381,400,2026-01-05 15:45:58.088539,2026-01-05 16:14:33.115171,20,0.299,LOW,none
S13,1,20,2026-01-05 06:17:06.579837,2026-01-05 06:45:33.280583,20,0.38,LOW,none
S13,21,40,2026-01-05 06:47:02.963811,2026-01-05 07:15:20.810108,20,0.3418,LOW,none
S13,41,60,2026-01-05 07:17:40.956346,2026-01-05 07:46:11.206180,20,0.4262,LOW,none
S13,61,80,2026-01-05 07:46:40.211324,2026-01-05 08:15:38.538825,20,0.3918,LOW,cycle_time variability increasing
S13,81,100,2026-01-05 08:17:26.779057,2026-01-05 08:45:29.071404,20,0.4495,LOW,none
S13,101,120,2026-01-05 08:47:07.839557,2026-01-05 09:15:35.146848,20,0.447,LOW,none
S13,121,140,2026-01-05 09:16:56.062531,2026-01-05 09:46:15.226643,20,0.4625,LOW,cycle_time variability increasing
S13,141,160,2026-01-05 09:47:18.587107,2026-01-05 10:16:13.002704,20,0.387,LOW,none
S13,161,180,2026-01-05 10:17:10.281688,2026-01-05 10:45:42.411416,20,0.4403,LOW,none
S13,181,200,2026-01-05 10:47:06.229711,2026-01-05 11:15:38.529141,20,0.4632,LOW,none
S13,201,220,2026-01-05 11:17:49.485518,2026-01-05 11:46:12.456555,20,0.4186,LOW,none
S13,221,240,2026-01-05 11:47:32.238243,2026-01-05 12:15:38.713497,20,0.3643,LOW,none
S13,241,260,2026-01-05 12:17:43.733055,2026-01-05 12:45:47.558500,20,0.4894,LOW,none
S13,261,280,2026-01-05 12:47:27.789271,2026-01-05 13:16:16.928879,20,0.4333,LOW,none
S13,281,300,2026-01-05 13:17:23.497072,2026-01-05 13:45:11.730447,20,0.4726,LOW,none
S13,301,320,2026-01-05 13:47:22.294452,2026-01-05 14:17:01.408854,20,0.4599,LOW,cycle_time variability increasing
S13,321,340,2026-01-05 14:17:50.338421,2026-01-05 14:46:03.855818,20,0.3816,LOW,none
S13,341,360,2026-01-05 14:47:17.300984,2026-01-05 15:16:32.396952,20,0.4543,LOW,none
S13,361,380,2026-01-05 15:17:45.228293,2026-01-05 15:45:26.836803,20,0.4694,LOW,none
S13,381,400,2026-01-05 15:47:28.314161,2026-01-05 16:16:11.809564,20,0.4335,LOW,none
S14,1,20,2026-01-05 06:18:33.526832,2026-01-05 06:47:09.248844,20,0.2686,LOW,none
S14,21,40,2026-01-05 06:48:44.521665,2026-01-05 07:16:58.229700,20,0.2989,LOW,none
S14,41,60,2026-01-05 07:19:14.946968,2026-01-05 07:47:41.634142,20,0.4189,LOW,none
S14,61,80,2026-01-05 07:48:28.128271,2026-01-05 08:17:17.345213,20,0.3658,LOW,none
S14,81,100,2026-01-05 08:19:03.548337,2026-01-05 08:46:48.846551,20,0.4089,LOW,none
S14,101,120,2026-01-05 08:48:42.996881,2026-01-05 09:17:07.984141,20,0.3103,LOW,none
S14,121,140,2026-01-05 09:18:35.012852,2026-01-05 09:47:53.763248,20,0.3963,LOW,none
S14,141,160,2026-01-05 09:48:58.394057,2026-01-05 10:17:50.032692,20,0.3703,LOW,none
S14,161,180,2026-01-05 10:18:51.668824,2026-01-05 10:47:11.889053,20,0.3353,LOW,none
S14,181,200,2026-01-05 10:48:41.348545,2026-01-05 11:17:30.504008,20,0.3855,LOW,none
S14,201,220,2026-01-05 11:19:34.975862,2026-01-05 11:47:48.325597,20,0.2979,LOW,none
S14,221,240,2026-01-05 11:49:07.376141,2026-01-05 12:17:12.207504,20,0.3706,LOW,none
S14,241,260,2026-01-05 12:19:18.605523,2026-01-05 12:47:25.251037,20,0.4223,LOW,none
S14,261,280,2026-01-05 12:49:11.203199,2026-01-05 13:17:51.226631,20,0.349,LOW,none
S14,281,300,2026-01-05 13:19:07.183408,2026-01-05 13:46:39.725959,20,0.3448,LOW,none
S14,301,320,2026-01-05 13:48:53.480029,2026-01-05 14:18:30.516860,20,0.4366,LOW,none
S14,321,340,2026-01-05 14:19:22.237807,2026-01-05 14:47:40.766691,20,0.3423,LOW,none
S14,341,360,2026-01-05 14:48:49.565471,2026-01-05 15:18:18.896748,20,0.3673,LOW,none
S14,361,380,2026-01-05 15:19:20.555142,2026-01-05 15:47:12.985840,20,0.3716,LOW,none
S14,381,400,2026-01-05 15:49:03.563144,2026-01-05 16:17:49.373085,20,0.3248,LOW,none
S15,1,20,2026-01-05 06:20:24.233612,2026-01-05 06:48:46.280177,20,0.3585,LOW,none
S15,21,40,2026-01-05 06:50:24.381037,2026-01-05 07:18:35.862963,20,0.3214,LOW,none
S15,41,60,2026-01-05 07:20:37.265169,2026-01-05 07:49:22.488156,20,0.3607,LOW,none
S15,61,80,2026-01-05 07:50:12.407380,2026-01-05 08:18:56.614464,20,0.3782,LOW,none
S15,81,100,2026-01-05 08:20:41.563556,2026-01-05 08:48:24.711937,20,0.3122,LOW,none
S15,101,120,2026-01-05 08:50:25.624186,2026-01-05 09:18:45.752456,20,0.3547,LOW,none
S15,121,140,2026-01-05 09:20:14.723899,2026-01-05 09:49:23.832107,20,0.3451,LOW,none
S15,141,160,2026-01-05 09:50:46.710640,2026-01-05 10:19:33.055717,20,0.3232,LOW,none
S15,161,180,2026-01-05 10:20:31.201139,2026-01-05 10:48:54.678228,20,0.3822,LOW,none
S15,181,200,2026-01-05 10:50:19.375161,2026-01-05 11:19:05.007559,20,0.3897,LOW,none
S15,201,220,2026-01-05 11:21:18.315306,2026-01-05 11:49:25.102816,20,0.2948,LOW,none
S15,221,240,2026-01-05 11:50:42.716443,2026-01-05 12:18:53.863596,20,0.3803,LOW,none
S15,241,260,2026-01-05 12:21:02.964232,2026-01-05 12:49:15.279102,20,0.3069,LOW,none
S15,261,280,2026-01-05 12:50:50.480533,2026-01-05 13:19:31.628181,20,0.3621,LOW,none
S15,281,300,2026-01-05 13:20:56.930772,2026-01-05 13:48:22.758812,20,0.3386,LOW,none
S15,301,320,2026-01-05 13:50:33.616965,2026-01-05 14:20:12.675233,20,0.4205,LOW,none
S15,321,340,2026-01-05 14:21:05.703181,2026-01-05 14:49:29.950539,20,0.3833,LOW,none
S15,341,360,2026-01-05 14:50:27.058693,2026-01-05 15:19:53.478803,20,0.3604,LOW,none
S15,361,380,2026-01-05 15:20:58.523013,2026-01-05 15:48:53.083171,20,0.3841,LOW,none
S15,381,400,2026-01-05 15:50:48.076782,2026-01-05 16:19:33.300343,20,0.4427,MEDIUM,none
S16,1,20,2026-01-05 06:21:43.170921,2026-01-05 06:50:13.314973,20,0.3561,LOW,none
S16,21,40,2026-01-05 06:51:42.949306,2026-01-05 07:20:02.086399,20,0.337,LOW,none
S16,41,60,2026-01-05 07:22:03.694356,2026-01-05 07:50:45.581189,20,0.2996,LOW,none
S16,61,80,2026-01-05 07:51:36.244126,2026-01-05 08:20:16.369780,20,0.3183,LOW,none
S16,81,100,2026-01-05 08:22:07.661179,2026-01-05 08:49:50.125364,20,0.265,LOW,none
S16,101,120,2026-01-05 08:51:49.495900,2026-01-05 09:20:07.665583,20,0.3326,LOW,none
S16,121,140,2026-01-05 09:21:41.227040,2026-01-05 09:50:42.128138,20,0.3089,LOW,none
S16,141,160,2026-01-05 09:52:13.359820,2026-01-05 10:20:56.828695,20,0.2818,LOW,none
S16,161,180,2026-01-05 10:22:05.733256,2026-01-05 10:50:19.848550,20,0.3212,LOW,none
S16,181,200,2026-01-05 10:51:39.338638,2026-01-05 11:20:38.028149,20,0.3239,LOW,none
S16,201,220,2026-01-05 11:22:42.129104,2026-01-05 11:50:55.903079,20,0.2577,LOW,none
S16,221,240,2026-01-05 11:52:04.771177,2026-01-05 12:20:23.942726,20,0.2981,LOW,none
S16,241,260,2026-01-05 12:22:26.932536,2026-01-05 12:50:36.075861,20,0.2419,LOW,none
S16,261,280,2026-01-05 12:52:17.188956,2026-01-05 13:20:58.561122,20,0.261,LOW,none
S16,281,300,2026-01-05 13:22:22.915475,2026-01-05 13:50:00.961832,20,0.2897,LOW,none
S16,301,320,2026-01-05 13:52:02.555683,2026-01-05 14:21:33.938006,20,0.2817,LOW,none
S16,321,340,2026-01-05 14:22:31.125317,2026-01-05 14:50:55.346797,20,0.3025,LOW,none
S16,341,360,2026-01-05 14:51:56.186574,2026-01-05 15:21:13.123263,20,0.248,LOW,none
S16,361,380,2026-01-05 15:22:37.572739,2026-01-05 15:50:15.981556,20,0.2374,LOW,none
S16,381,400,2026-01-05 15:52:16.923451,2026-01-05 16:21:02.495455,20,0.3016,LOW,none
S17,1,20,2026-01-05 06:23:13.845085,2026-01-05 06:51:43.319288,20,0.3121,LOW,none
S17,21,40,2026-01-05 06:53:16.066347,2026-01-05 07:21:28.958253,20,0.3752,LOW,none
S17,41,60,2026-01-05 07:23:24.291129,2026-01-05 07:52:18.941567,20,0.372,LOW,none
S17,61,80,2026-01-05 07:53:01.671473,2026-01-05 08:21:40.625783,20,0.3462,LOW,none
S17,81,100,2026-01-05 08:23:43.196745,2026-01-05 08:51:16.754874,20,0.3252,LOW,none
S17,101,120,2026-01-05 08:53:21.363363,2026-01-05 09:21:32.283027,20,0.418,LOW,none
S17,121,140,2026-01-05 09:23:03.169497,2026-01-05 09:52:16.931541,20,0.4218,LOW,none
S17,141,160,2026-01-05 09:53:43.979201,2026-01-05 10:22:31.497819,20,0.3942,LOW,none
S17,161,180,2026-01-05 10:23:32.730405,2026-01-05 10:51:43.597566,20,0.3563,LOW,none
S17,181,200,2026-01-05 10:53:04.247426,2026-01-05 11:22:11.009695,20,0.4367,LOW,none
S17,201,220,2026-01-05 11:24:09.415919,2026-01-05 11:52:31.187219,20,0.336,LOW,none
S17,221,240,2026-01-05 11:53:34.307313,2026-01-05 12:21:57.658059,20,0.4022,LOW,none
S17,241,260,2026-01-05 12:23:56.032194,2026-01-05 12:52:11.065010,20,0.365,LOW,none
S17,261,280,2026-01-05 12:53:48.162333,2026-01-05 13:22:28.968728,20,0.3559,LOW,none
S17,281,300,2026-01-05 13:23:55.990632,2026-01-05 13:51:31.162903,20,0.4534,LOW,none
S17,301,320,2026-01-05 13:53:31.254259,2026-01-05 14:23:03.843851,20,0.4172,LOW,none
S17,321,340,2026-01-05 14:23:59.435261,2026-01-05 14:52:14.911779,20,0.3882,LOW,none
S17,341,360,2026-01-05 14:53:20.335314,2026-01-05 15:22:41.302692,20,0.3732,LOW,none
S17,361,380,2026-01-05 15:24:02.218338,2026-01-05 15:51:42.054655,20,0.3654,LOW,none
S17,381,400,2026-01-05 15:53:43.152612,2026-01-05 16:22:23.486806,20,0.4145,LOW,none
S18,1,20,2026-01-05 06:24:44.527391,2026-01-05 06:53:16.152831,20,0.3565,LOW,none
S18,21,40,2026-01-05 06:54:39.655807,2026-01-05 07:23:09.434782,20,0.4245,LOW,none
S18,41,60,2026-01-05 07:24:53.814403,2026-01-05 07:53:54.227760,20,0.2968,LOW,none
S18,61,80,2026-01-05 07:54:29.400207,2026-01-05 08:23:13.106317,20,0.4664,MEDIUM,none
S18,81,100,2026-01-05 08:25:14.536951,2026-01-05 08:52:53.429148,20,0.4239,LOW,none
S18,101,120,2026-01-05 08:54:56.036085,2026-01-05 09:23:00.117016,20,0.3897,LOW,none
S18,121,140,2026-01-05 09:24:38.537942,2026-01-05 09:53:41.470195,20,0.4202,LOW,none
S18,141,160,2026-01-05 09:55:07.712779,2026-01-05 10:24:02.816067,20,0.4447,LOW,none
S18,161,180,2026-01-05 10:25:06.820947,2026-01-05 10:53:18.772023,20,0.3954,LOW,none
S18,181,200,2026-01-05 10:54:32.325672,2026-01-05 11:23:51.607346,20,0.4044,LOW,none
S18,201,220,2026-01-05 11:25:51.169424,2026-01-05 11:53:57.373127,20,0.4157,LOW,none
S18,221,240,2026-01-05 11:55:00.003992,2026-01-05 12:23:22.900391,20,0.4252,LOW,none
S18,241,260,2026-01-05 12:25:39.848699,2026-01-05 12:53:51.917377,20,0.3785,LOW,none
S18,261,280,2026-01-05 12:55:23.878655,2026-01-05 13:24:05.374752,20,0.4297,LOW,none
S18,281,300,2026-01-05 13:25:25.811880,2026-01-05 13:52:55.346879,20,0.3802,LOW,none
S18,301,320,2026-01-05 13:55:00.517754,2026-01-05 14:24:34.804824,20,0.3213,LOW,none
S18,321,340,2026-01-05 14:25:31.940618,2026-01-05 14:53:45.812858,20,0.4453,LOW,none
S18,341,360,2026-01-05 14:54:53.420278,2026-01-05 15:24:04.555991,20,0.3619,LOW,none
S18,361,380,2026-01-05 15:25:42.544324,2026-01-05 15:53:15.730280,20,0.4281,LOW,none
S18,381,400,2026-01-05 15:55:03.701994,2026-01-05 16:24:00.870519,20,0.4379,LOW,none
S19,1,20,2026-01-05 06:26:21.214377,2026-01-05 06:54:50.654355,20,0.3642,LOW,none
S19,21,40,2026-01-05 06:56:00.523026,2026-01-05 07:24:51.032647,20,0.3243,LOW,none
S19,41,60,2026-01-05 07:26:30.628087,2026-01-05 07:55:30.129114,20,0.2632,LOW,none
S19,61,80,2026-01-05 07:56:06.237556,2026-01-05 08:24:53.810875,20,0.3291,LOW,none
S19,81,100,2026-01-05 08:26:50.812418,2026-01-05 08:54:30.819199,20,0.3315,LOW,none
S19,101,120,2026-01-05 08:56:47.417095,2026-01-05 09:24:42.580394,20,0.3463,LOW,none
S19,121,140,2026-01-05 09:26:25.131726,2026-01-05 09:55:14.896887,20,0.3465,LOW,none
S19,141,160,2026-01-05 09:56:34.869364,2026-01-05 10:25:39.218663,20,0.33,LOW,none
S19,161,180,2026-01-05 10:26:37.997382,2026-01-05 10:54:45.774879,20,0.3452,LOW,none
S19,181,200,2026-01-05 10:56:02.778442,2026-01-05 11:25:23.816904,20,0.3389,LOW,none
S19,201,220,2026-01-05 11:27:30.364281,2026-01-05 11:55:34.045374,20,0.3556,LOW,none
S19,221,240,2026-01-05 11:56:34.024383,2026-01-05 12:25:03.718594,20,0.307,LOW,none
S19,241,260,2026-01-05 12:27:10.588269,2026-01-05 12:55:23.620780,20,0.29,LOW,none
S19,261,280,2026-01-05 12:56:53.422074,2026-01-05 13:25:38.380397,20,0.3563,LOW,none
S19,281,300,2026-01-05 13:26:55.567892,2026-01-05 13:54:39.210625,20,0.4163,MEDIUM,none
S19,301,320,2026-01-05 13:56:36.741755,2026-01-05 14:26:10.425448,20,0.3977,MEDIUM,queue_length variability increasing
S19,321,340,2026-01-05 14:27:08.922146,2026-01-05 14:55:16.681366,20,0.3454,LOW,none
S19,341,360,2026-01-05 14:56:28.382913,2026-01-05 15:25:36.887962,20,0.337,LOW,none
S19,361,380,2026-01-05 15:27:18.662858,2026-01-05 15:54:48.730287,20,0.3906,LOW,none
S19,381,400,2026-01-05 15:56:37.508273,2026-01-05 16:25:34.528868,20,0.3132,LOW,none
S20,1,20,2026-01-05 06:27:57.236774,2026-01-05 06:56:42.651287,20,0.4152,LOW,none
S20,21,40,2026-01-05 06:57:30.243004,2026-01-05 07:26:23.051487,20,0.347,LOW,none
S20,41,60,2026-01-05 07:28:06.176027,2026-01-05 07:57:06.013995,20,0.3441,LOW,none
S20,61,80,2026-01-05 07:57:50.747479,2026-01-05 08:26:29.152718,20,0.3963,LOW,none
S20,81,100,2026-01-05 08:28:25.148908,2026-01-05 08:56:17.392836,20,0.4193,LOW,none
S20,101,120,2026-01-05 08:58:30.132922,2026-01-05 09:26:22.056324,20,0.4364,LOW,none
S20,121,140,2026-01-05 09:27:58.227872,2026-01-05 09:56:51.977417,20,0.4428,LOW,none
S20,141,160,2026-01-05 09:58:05.952637,2026-01-05 10:27:07.510207,20,0.4565,LOW,none
S20,161,180,2026-01-05 10:28:13.403285,2026-01-05 10:56:26.333264,20,0.4423,LOW,none
S20,181,200,2026-01-05 10:57:37.998807,2026-01-05 11:27:04.736408,20,0.403,LOW,none
S20,201,220,2026-01-05 11:29:17.848221,2026-01-05 11:57:05.298015,20,0.3533,LOW,none
S20,221,240,2026-01-05 11:58:23.133771,2026-01-05 12:26:50.854984,20,0.4669,LOW,none
S20,241,260,2026-01-05 12:29:04.253855,2026-01-05 12:56:57.931604,20,0.434,LOW,queue_length variability increasing
S20,261,280,2026-01-05 12:58:33.143452,2026-01-05 13:27:23.496171,20,0.4011,LOW,none
S20,281,300,2026-01-05 13:28:26.478456,2026-01-05 13:56:13.498666,20,0.4105,LOW,none
S20,301,320,2026-01-05 13:58:26.337270,2026-01-05 14:27:53.835308,20,0.4814,LOW,temperature variability increasing
S20,321,340,2026-01-05 14:28:44.940206,2026-01-05 14:56:52.564806,20,0.3985,LOW,none
S20,341,360,2026-01-05 14:58:04.341102,2026-01-05 15:27:18.692987,20,0.4654,LOW,none
S20,361,380,2026-01-05 15:28:56.162511,2026-01-05 15:56:30.172601,20,0.426,LOW,none
S20,381,400,2026-01-05 15:58:15.952708,2026-01-05 16:27:11.512878,20,0.3692,LOW,none
S21,1,20,2026-01-05 06:29:19.916358,2026-01-05 06:58:07.584419,20,0.3245,LOW,none
S21,21,40,2026-01-05 06:58:57.249424,2026-01-05 07:27:51.604036,20,0.3411,LOW,none
S21,41,60,2026-01-05 07:29:27.289367,2026-01-05 07:58:25.452207,20,0.2942,LOW,none
S21,61,80,2026-01-05 07:59:17.462885,2026-01-05 08:27:55.869118,20,0.2327,LOW,none
S21,81,100,2026-01-05 08:29:54.467013,2026-01-05 08:57:49.765406,20,0.3187,LOW,none
S21,101,120,2026-01-05 08:59:58.233808,2026-01-05 09:27:40.315714,20,0.3301,LOW,none
S21,121,140,2026-01-05 09:29:24.426613,2026-01-05 09:58:28.638404,20,0.2846,LOW,none
S21,141,160,2026-01-05 09:59:28.974879,2026-01-05 10:28:20.417107,20,0.4059,LOW,none
S21,161,180,2026-01-05 10:29:38.282484,2026-01-05 10:57:47.077751,20,0.2907,LOW,none
S21,181,200,2026-01-05 10:59:00.767465,2026-01-05 11:28:21.499571,20,0.3624,LOW,none
S21,201,220,2026-01-05 11:30:43.984912,2026-01-05 11:58:31.674401,20,0.4136,LOW,none
S21,221,240,2026-01-05 11:59:51.532015,2026-01-05 12:28:18.289874,20,0.3197,LOW,none
S21,241,260,2026-01-05 12:30:14.509463,2026-01-05 12:58:17.513457,20,0.3684,LOW,none
S21,261,280,2026-01-05 12:59:54.431714,2026-01-05 13:28:47.622741,20,0.2754,LOW,none
S21,281,300,2026-01-05 13:29:52.308178,2026-01-05 13:57:42.676269,20,0.3474,LOW,none
S21,301,320,2026-01-05 13:59:48.495978,2026-01-05 14:29:14.291115,20,0.3874,LOW,none
S21,321,340,2026-01-05 14:30:12.646255,2026-01-05 14:58:18.986413,20,0.3292,LOW,none
S21,341,360,2026-01-05 14:59:30.761531,2026-01-05 15:28:45.987960,20,0.4078,LOW,none
S21,361,380,2026-01-05 15:30:18.606829,2026-01-05 15:57:45.829487,20,0.2817,LOW,none
S21,381,400,2026-01-05 15:59:39.428148,2026-01-05 16:28:35.611506,20,0.3746,LOW,none
S22,1,20,2026-01-05 06:30:26.239775,2026-01-05 06:59:10.476862,20,0.3357,LOW,none
S22,21,40,2026-01-05 07:00:06.795242,2026-01-05 07:28:55.073832,20,0.3866,LOW,none
S22,41,60,2026-01-05 07:30:36.954538,2026-01-05 07:59:27.460309,20,0.3464,LOW,none
S22,61,80,2026-01-05 08:00:24.919669,2026-01-05 08:29:01.931594,20,0.424,LOW,none
S22,81,100,2026-01-05 08:31:00.964616,2026-01-05 08:58:54.185924,20,0.4019,LOW,none
S22,101,120,2026-01-05 09:01:11.556192,2026-01-05 09:28:48.030041,20,0.4478,LOW,none
S22,121,140,2026-01-05 09:30:38.263894,2026-01-05 09:59:31.647310,20,0.3352,LOW,none
S22,141,160,2026-01-05 10:00:37.341542,2026-01-05 10:29:16.962302,20,0.3933,LOW,none
S22,161,180,2026-01-05 10:30:40.512348,2026-01-05 10:58:51.558353,20,0.4575,LOW,none
S22,181,200,2026-01-05 11:00:08.662708,2026-01-05 11:29:28.708340,20,0.4043,LOW,none
S22,201,220,2026-01-05 11:31:48.185147,2026-01-05 11:59:37.242637,20,0.4021,LOW,none
S22,221,240,2026-01-05 12:01:02.747981,2026-01-05 12:29:28.403639,20,0.4545,LOW,none
S22,241,260,2026-01-05 12:31:19.797156,2026-01-05 12:59:30.207532,20,0.4393,LOW,none
S22,261,280,2026-01-05 13:01:02.468649,2026-01-05 13:29:56.647599,20,0.4081,LOW,none
S22,281,300,2026-01-05 13:30:57.130710,2026-01-05 13:58:49.215083,20,0.4417,LOW,none
S22,301,320,2026-01-05 14:00:44.644465,2026-01-05 14:30:26.915651,20,0.3928,LOW,none
S22,321,340,2026-01-05 14:31:18.163075,2026-01-05 14:59:20.287189,20,0.426,LOW,none
S22,341,360,2026-01-05 15:00:33.122997,2026-01-05 15:29:53.785989,20,0.3818,LOW,none
S22,361,380,2026-01-05 15:31:31.610589,2026-01-05 15:58:54.141908,20,0.3569,LOW,none
S22,381,400,2026-01-05 16:00:42.696152,2026-01-05 16:29:43.437976,20,0.393,LOW,none
S23,1,20,2026-01-05 06:31:36.475023,2026-01-05 07:00:24.121278,20,0.358,LOW,none
S23,21,40,2026-01-05 07:01:20.022710,2026-01-05 07:29:58.161678,20,0.3626,LOW,none
S23,41,60,2026-01-05 07:31:41.966310,2026-01-05 08:00:35.637275,20,0.3835,LOW,none
S23,61,80,2026-01-05 08:01:35.738973,2026-01-05 08:30:12.611112,20,0.3992,LOW,none
S23,81,100,2026-01-05 08:32:07.481299,2026-01-05 09:00:08.139515,20,0.4511,LOW,none
S23,101,120,2026-01-05 09:02:19.021042,2026-01-05 09:30:02.831018,20,0.3663,LOW,none
S23,121,140,2026-01-05 09:31:52.697505,2026-01-05 10:00:44.377262,20,0.4209,LOW,none
S23,141,160,2026-01-05 10:01:46.311802,2026-01-05 10:30:28.146833,20,0.3753,LOW,none
S23,161,180,2026-01-05 10:31:52.759227,2026-01-05 11:00:09.836994,20,0.3804,LOW,none
S23,181,200,2026-01-05 11:01:17.596744,2026-01-05 11:30:39.542405,20,0.3027,LOW,none
S23,201,220,2026-01-05 11:32:59.783504,2026-01-05 12:00:49.677542,20,0.3796,LOW,none
S23,221,240,2026-01-05 12:02:24.987035,2026-01-05 12:30:42.385996,20,0.49,LOW,none
S23,241,260,2026-01-05 12:32:28.654706,2026-01-05 13:00:41.667918,20,0.4631,LOW,none
S23,261,280,2026-01-05 13:02:18.511115,2026-01-05 13:31:03.593961,20,0.4236,LOW,none
S23,281,300,2026-01-05 13:32:11.949898,2026-01-05 13:59:59.398889,20,0.4185,LOW,none
S23,301,320,2026-01-05 14:01:59.336535,2026-01-05 14:31:45.082363,20,0.2807,LOW,none
S23,321,340,2026-01-05 14:32:29.070836,2026-01-05 15:00:24.471847,20,0.3781,LOW,none
S23,341,360,2026-01-05 15:01:41.586284,2026-01-05 15:31:10.176834,20,0.4642,LOW,none
S23,361,380,2026-01-05 15:32:46.249930,2026-01-05 15:59:55.027431,20,0.3974,LOW,none
S23,381,400,2026-01-05 16:01:51.264199,2026-01-05 16:31:02.914213,20,0.4822,LOW,none
S24,1,20,2026-01-05 06:32:56.724242,2026-01-05 07:01:43.252812,20,0.3834,LOW,none
S24,21,40,2026-01-05 07:02:37.795245,2026-01-05 07:31:10.975885,20,0.3739,LOW,none
S24,41,60,2026-01-05 07:33:05.784049,2026-01-05 08:01:59.858421,20,0.2706,LOW,none
S24,61,80,2026-01-05 08:02:46.603502,2026-01-05 08:31:26.389410,20,0.3893,LOW,none
S24,81,100,2026-01-05 08:33:19.158691,2026-01-05 09:01:25.129229,20,0.3429,LOW,none
S24,101,120,2026-01-05 09:03:27.958669,2026-01-05 09:31:13.402149,20,0.356,LOW,none
S24,121,140,2026-01-05 09:33:10.210615,2026-01-05 10:02:03.849663,20,0.3742,LOW,none
S24,141,160,2026-01-05 10:03:00.139201,2026-01-05 10:31:48.552042,20,0.3053,LOW,none
S24,161,180,2026-01-05 10:33:11.062715,2026-01-05 11:01:20.834935,20,0.399,LOW,none
S24,181,200,2026-01-05 11:02:33.738602,2026-01-05 11:31:49.018280,20,0.3518,LOW,none
S24,201,220,2026-01-05 11:34:10.161094,2026-01-05 12:02:08.459640,20,0.3685,LOW,none
S24,221,240,2026-01-05 12:03:31.387990,2026-01-05 12:32:00.856933,20,0.333,LOW,none
S24,241,260,2026-01-05 12:33:38.007189,2026-01-05 13:01:49.316900,20,0.3191,LOW,none
S24,261,280,2026-01-05 13:03:29.705833,2026-01-05 13:32:12.735712,20,0.3853,LOW,none
S24,281,300,2026-01-05 13:33:25.421997,2026-01-05 14:01:07.952368,20,0.4081,LOW,none
S24,301,320,2026-01-05 14:03:16.308731,2026-01-05 14:32:53.715380,20,0.4178,LOW,none
S24,321,340,2026-01-05 14:33:41.681830,2026-01-05 15:01:38.293830,20,0.2892,LOW,none
S24,341,360,2026-01-05 15:03:02.347707,2026-01-05 15:32:18.993741,20,0.3248,LOW,none
S24,361,380,2026-01-05 15:34:07.014627,2026-01-05 16:01:11.297251,20,0.3886,LOW,none
S24,381,400,2026-01-05 16:03:05.293482,2026-01-05 16:32:13.065025,20,0.4558,MEDIUM,none
S25,1,20,2026-01-05 06:34:17.955712,2026-01-05 07:03:06.540178,20,0.3024,LOW,none
S25,21,40,2026-01-05 07:03:57.570688,2026-01-05 07:32:38.223698,20,0.3186,LOW,none
S25,41,60,2026-01-05 07:34:23.972664,2026-01-05 08:03:21.398603,20,0.3889,LOW,none
S25,61,80,2026-01-05 08:03:56.323321,2026-01-05 08:32:44.805676,20,0.2856,LOW,none
S25,81,100,2026-01-05 08:34:35.207847,2026-01-05 09:02:42.357452,20,0.3747,LOW,none
S25,101,120,2026-01-05 09:04:46.807833,2026-01-05 09:32:33.253790,20,0.3537,LOW,none
S25,121,140,2026-01-05 09:34:29.122360,2026-01-05 10:03:21.058002,20,0.3034,LOW,none
S25,141,160,2026-01-05 10:04:21.657797,2026-01-05 10:33:07.653674,20,0.357,LOW,none
S25,161,180,2026-01-05 10:34:23.440170,2026-01-05 11:02:38.060887,20,0.3438,LOW,none
S25,181,200,2026-01-05 11:03:53.482364,2026-01-05 11:33:01.125666,20,0.3409,LOW,none
S25,201,220,2026-01-05 11:35:28.370966,2026-01-05 12:03:26.067700,20,0.3364,LOW,none
S25,221,240,2026-01-05 12:04:50.655751,2026-01-05 12:33:12.928075,20,0.2285,LOW,none
S25,241,260,2026-01-05 12:34:52.556386,2026-01-05 13:03:04.520475,20,0.388,LOW,none
S25,261,280,2026-01-05 13:04:43.267683,2026-01-05 13:33:27.471371,20,0.3087,LOW,none
S25,281,300,2026-01-05 13:34:38.148686,2026-01-05 14:02:29.132457,20,0.3434,LOW,none
S25,301,320,2026-01-05 14:04:27.395198,2026-01-05 14:34:17.682279,20,0.3302,LOW,none
S25,321,340,2026-01-05 14:34:58.381574,2026-01-05 15:02:54.431092,20,0.2881,LOW,none
S25,341,360,2026-01-05 15:04:23.138708,2026-01-05 15:33:30.258251,20,0.3862,LOW,none
S25,361,380,2026-01-05 15:35:22.797757,2026-01-05 16:02:28.867468,20,0.3326,LOW,none
S25,381,400,2026-01-05 16:04:27.056766,2026-01-05 16:33:44.526268,20,0.3106,LOW,none
S26,1,20,2026-01-05 06:35:20.241536,2026-01-05 07:04:11.383694,20,0.3549,LOW,none
S26,21,40,2026-01-05 07:05:01.022268,2026-01-05 07:33:40.102276,20,0.337,LOW,none
S26,41,60,2026-01-05 07:35:29.182722,2026-01-05 08:04:24.572501,20,0.3359,LOW,none
S26,61,80,2026-01-05 08:04:56.605873,2026-01-05 08:33:53.365636,20,0.3598,LOW,cycle_time variability increasing
S26,81,100,2026-01-05 08:35:41.882241,2026-01-05 09:03:50.524983,20,0.3767,LOW,none
S26,101,120,2026-01-05 09:05:59.272838,2026-01-05 09:33:39.449933,20,0.4518,LOW,none
S26,121,140,2026-01-05 09:35:36.860843,2026-01-05 10:04:27.631232,20,0.3133,LOW,none
S26,141,160,2026-01-05 10:05:26.319699,2026-01-05 10:34:13.575978,20,0.3466,LOW,none
S26,161,180,2026-01-05 10:35:33.597771,2026-01-05 11:03:43.829436,20,0.3069,LOW,none
S26,181,200,2026-01-05 11:04:58.547036,2026-01-05 11:34:02.524358,20,0.4008,LOW,none
S26,201,220,2026-01-05 11:36:33.808051,2026-01-05 12:04:27.210583,20,0.3826,LOW,none
S26,221,240,2026-01-05 12:05:56.296070,2026-01-05 12:34:13.354602,20,0.3295,LOW,none
S26,241,260,2026-01-05 12:35:57.359909,2026-01-05 13:04:10.304714,20,0.3011,LOW,none
S26,261,280,2026-01-05 13:05:47.385777,2026-01-05 13:34:36.683398,20,0.4599,LOW,none
S26,281,300,2026-01-05 13:35:48.612937,2026-01-05 14:03:37.994790,20,0.3175,LOW,none
S26,301,320,2026-01-05 14:05:29.046475,2026-01-05 14:35:27.650507,20,0.3053,LOW,none
S26,321,340,2026-01-05 14:35:54.442180,2026-01-05 15:03:55.796837,20,0.3719,LOW,none
S26,341,360,2026-01-05 15:05:27.349565,2026-01-05 15:34:40.175487,20,0.3884,LOW,none
S26,361,380,2026-01-05 15:36:18.988746,2026-01-05 16:03:25.223410,20,0.3951,LOW,none
S26,381,400,2026-01-05 16:05:34.483137,2026-01-05 16:34:53.480514,20,0.3025,LOW,none
S27,1,20,2026-01-05 06:36:24.760303,2026-01-05 07:05:14.950631,20,0.3067,LOW,none
S27,21,40,2026-01-05 07:06:13.154548,2026-01-05 07:34:49.618373,20,0.3609,LOW,none
S27,41,60,2026-01-05 07:36:36.799656,2026-01-05 08:05:34.942485,20,0.3321,LOW,none
S27,61,80,2026-01-05 08:06:06.702150,2026-01-05 08:35:05.708687,20,0.4077,LOW,none
S27,81,100,2026-01-05 08:36:54.258293,2026-01-05 09:04:54.893725,20,0.3317,LOW,none
S27,101,120,2026-01-05 09:07:05.594644,2026-01-05 09:34:45.269867,20,0.3487,LOW,none
S27,121,140,2026-01-05 09:36:43.066756,2026-01-05 10:05:34.486317,20,0.4606,MEDIUM,queue_length variability increasing
S27,141,160,2026-01-05 10:06:29.569853,2026-01-05 10:35:20.854744,20,0.3736,LOW,none
S27,161,180,2026-01-05 10:36:45.829353,2026-01-05 11:04:52.053473,20,0.4156,LOW,none
S27,181,200,2026-01-05 11:06:10.840838,2026-01-05 11:35:16.930143,20,0.418,LOW,none
S27,201,220,2026-01-05 11:37:49.130887,2026-01-05 12:05:38.555922,20,0.4016,LOW,none
S27,221,240,2026-01-05 12:07:09.757047,2026-01-05 12:35:22.051660,20,0.2968,LOW,none
S27,241,260,2026-01-05 12:37:06.449608,2026-01-05 13:05:18.776145,20,0.389,LOW,none
S27,261,280,2026-01-05 13:06:58.899390,2026-01-05 13:35:40.339945,20,0.3778,LOW,none
S27,281,300,2026-01-05 13:36:56.606909,2026-01-05 14:04:44.454649,20,0.3341,LOW,none
S27,301,320,2026-01-05 14:06:36.656894,2026-01-05 14:36:36.077224,20,0.3877,LOW,none
S27,321,340,2026-01-05 14:36:58.440589,2026-01-05 15:05:04.772654,20,0.3937,LOW,none
S27,341,360,2026-01-05 15:06:35.766924,2026-01-05 15:35:49.073613,20,0.3507,LOW,none
S27,361,380,2026-01-05 15:37:24.836595,2026-01-05 16:04:38.425896,20,0.4334,MEDIUM,none
S27,381,400,2026-01-05 16:06:42.539984,2026-01-05 16:36:01.051457,20,0.2803,LOW,none
S28,1,20,2026-01-05 06:37:35.067346,2026-01-05 07:06:20.285295,20,0.3043,LOW,none
S28,21,40,2026-01-05 07:07:23.126314,2026-01-05 07:36:03.742307,20,0.2845,LOW,none
S28,41,60,2026-01-05 07:37:45.921283,2026-01-05 08:06:49.366828,20,0.3059,LOW,none
S28,61,80,2026-01-05 08:07:03.825764,2026-01-05 08:36:09.231329,20,0.3502,LOW,none
S28,81,100,2026-01-05 08:38:05.164312,2026-01-05 09:06:05.454523,20,0.3653,LOW,none
S28,101,120,2026-01-05 09:08:10.625316,2026-01-05 09:35:57.376740,20,0.251,LOW,none
S28,121,140,2026-01-05 09:37:48.883510,2026-01-05 10:06:39.290217,20,0.3204,LOW,none
S28,141,160,2026-01-05 10:07:43.878795,2026-01-05 10:36:28.496287,20,0.2708,LOW,none
S28,161,180,2026-01-05 10:37:49.432572,2026-01-05 11:06:04.941792,20,0.2394,LOW,none
S28,181,200,2026-01-05 11:07:23.975927,2026-01-05 11:36:21.765664,20,0.395,MEDIUM,none
S28,201,220,2026-01-05 11:38:58.229364,2026-01-05 12:06:56.721937,20,0.3256,LOW,none
S28,221,240,2026-01-05 12:08:16.740816,2026-01-05 12:36:35.387780,20,0.2974,LOW,none
S28,241,260,2026-01-05 12:38:21.302159,2026-01-05 13:06:24.595403,20,0.3092,LOW,none
S28,261,280,2026-01-05 13:08:09.258943,2026-01-05 13:36:53.205587,20,0.2986,LOW,none
S28,281,300,2026-01-05 13:38:12.249998,2026-01-05 14:05:55.970532,20,0.3563,LOW,none
S28,301,320,2026-01-05 14:07:52.539194,2026-01-05 14:37:46.919888,20,0.312,LOW,none
S28,321,340,2026-01-05 14:38:13.052977,2026-01-05 15:06:13.650320,20,0.3294,LOW,none
S28,341,360,2026-01-05 15:07:45.211793,2026-01-05 15:36:59.536182,20,0.3848,LOW,none
S28,361,380,2026-01-05 15:38:37.729393,2026-01-05 16:05:43.461214,20,0.3143,LOW,none
S28,381,400,2026-01-05 16:07:55.533606,2026-01-05 16:37:12.403613,20,0.2378,LOW,none
S29,1,20,2026-01-05 06:38:44.197618,2026-01-05 07:07:33.398761,20,0.3197,LOW,none
S29,21,40,2026-01-05 07:08:37.798294,2026-01-05 07:37:18.473652,20,0.3672,LOW,none
S29,41,60,2026-01-05 07:38:54.798483,2026-01-05 08:08:00.312792,20,0.2921,LOW,none
S29,61,80,2026-01-05 08:08:21.696593,2026-01-05 08:37:25.978424,20,0.3779,LOW,none
S29,81,100,2026-01-05 08:39:07.278093,2026-01-05 09:07:22.971245,20,0.2485,LOW,none
S29,101,120,2026-01-05 09:09:26.940820,2026-01-05 09:37:09.867785,20,0.3242,LOW,none
S29,121,140,2026-01-05 09:39:07.858566,2026-01-05 10:07:55.207431,20,0.3352,LOW,none
S29,141,160,2026-01-05 10:08:56.641715,2026-01-05 10:37:44.796052,20,0.3128,LOW,none
S29,161,180,2026-01-05 10:39:03.204802,2026-01-05 11:07:13.279006,20,0.3127,LOW,none
S29,181,200,2026-01-05 11:08:34.022890,2026-01-05 11:37:36.642344,20,0.2564,LOW,none
S29,201,220,2026-01-05 11:40:09.290067,2026-01-05 12:08:08.519303,20,0.3518,LOW,none
S29,221,240,2026-01-05 12:09:34.989629,2026-01-05 12:37:50.374319,20,0.362,LOW,none
S29,241,260,2026-01-05 12:39:29.966623,2026-01-05 13:07:37.535987,20,0.3816,LOW,none
S29,261,280,2026-01-05 13:09:24.648653,2026-01-05 13:38:01.302458,20,0.3736,LOW,none
S29,281,300,2026-01-05 13:39:22.327587,2026-01-05 14:07:14.016017,20,0.2559,LOW,none
S29,301,320,2026-01-05 14:09:10.551714,2026-01-05 14:38:45.867158,20,0.2835,LOW,none
S29,321,340,2026-01-05 14:39:26.276348,2026-01-05 15:07:29.357803,20,0.3218,LOW,none
S29,341,360,2026-01-05 15:08:55.906859,2026-01-05 15:38:06.950400,20,0.3524,LOW,none
S29,361,380,2026-01-05 15:39:49.206384,2026-01-05 16:07:05.105793,20,0.2957,LOW,none
S29,381,400,2026-01-05 16:09:10.413924,2026-01-05 16:38:24.771472,20,0.3562,LOW,none
S30,1,20,2026-01-05 06:40:04.788918,2026-01-05 07:08:54.553209,20,0.3342,LOW,none
S30,21,40,2026-01-05 07:09:54.994096,2026-01-05 07:38:37.745529,20,0.3817,LOW,none
S30,41,60,2026-01-05 07:40:21.893302,2026-01-05 08:09:14.195658,20,0.4235,LOW,none
S30,61,80,2026-01-05 08:09:44.288412,2026-01-05 08:38:42.447091,20,0.3758,LOW,none
S30,81,100,2026-01-05 08:40:21.641305,2026-01-05 09:08:37.442386,20,0.4271,LOW,none
S30,101,120,2026-01-05 09:10:40.703287,2026-01-05 09:38:24.982709,20,0.425,LOW,none
S30,121,140,2026-01-05 09:40:31.063529,2026-01-05 10:09:11.278928,20,0.3564,LOW,none
S30,141,160,2026-01-05 10:10:13.560898,2026-01-05 10:39:08.808886,20,0.4483,LOW,none
S30,161,180,2026-01-05 10:40:20.827153,2026-01-05 11:08:32.834837,20,0.4142,LOW,none
S30,181,200,2026-01-05 11:09:55.846532,2026-01-05 11:38:55.735757,20,0.4743,LOW,none
S30,201,220,2026-01-05 11:41:19.723274,2026-01-05 12:09:26.071708,20,0.4781,LOW,none
S30,221,240,2026-01-05 12:10:50.175022,2026-01-05 12:39:07.940952,20,0.4205,LOW,none
S30,241,260,2026-01-05 12:40:45.780517,2026-01-05 13:09:00.499955,20,0.4357,LOW,none
S30,261,280,2026-01-05 13:10:39.068818,2026-01-05 13:39:12.621461,20,0.4139,LOW,none
S30,281,300,2026-01-05 13:40:33.280684,2026-01-05 14:08:33.014324,20,0.4598,LOW,none
S30,301,320,2026-01-05 14:10:26.426096,2026-01-05 14:40:02.642035,20,0.3169,LOW,none
S30,321,340,2026-01-05 14:40:38.866525,2026-01-05 15:08:47.639299,20,0.4104,LOW,none
S30,341,360,2026-01-05 15:10:10.035112,2026-01-05 15:39:17.212731,20,0.5018,LOW,none
S30,361,380,2026-01-05 15:41:04.146046,2026-01-05 16:08:24.060996,20,0.3712,LOW,none
S30,381,400,2026-01-05 16:10:22.792836,2026-01-05 16:39:35.848506,20,0.3825,LOW,none
